INSERT INTO `club` (`id`, `name`, `founded_year`, `location`, `manager`, `website`, `logo`, `capacity`) VALUES
(1, 'Arsenal', 1886, 'London', 'Mikel Arteta', 'www.arsenal.com', 'https://resources.premierleague.com/premierleague/badges/100/t3@x2.png', 60704),
(2, 'Aston Villa', 1874, 'Birmingham', 'Unai Emery', 'www.avfc.co.uk', 'https://resources.premierleague.com/premierleague/badges/100/t7@x2.png', 42640),
(3, 'Bournemouth', 1899, 'Bournemouth', 'Andoni Iraola', 'www.afcb.co.uk', 'https://resources.premierleague.com/premierleague/badges/100/t91@x2.png', 11364),
(4, 'Brentford', 1889, 'London', 'Thomas Frank', 'www.brentfordfc.com', 'https://resources.premierleague.com/premierleague/badges/100/t94@x2.png', 17250),
(5, 'Brighton & Hove Albion', 1901, 'Brighton', 'Fabian Hürzeler', 'www.brightonandhovealbion.com', 'https://resources.premierleague.com/premierleague/badges/100/t36@x2.png', 31800),
(6, 'Burnley', 1882, 'Burnley', 'Scott Parker', 'www.burnleyfootballclub.com', 'https://resources.premierleague.com/premierleague/badges/100/t90@x2.png', 21944),
(7, 'Chelsea', 1905, 'London', 'Enzo Maresca', 'www.chelseafc.com', 'https://resources.premierleague.com/premierleague/badges/100/t8@x2.png', 40341),
(8, 'Crystal Palace', 1905, 'London', 'Oliver Glasner', 'www.cpfc.co.uk', 'https://resources.premierleague.com/premierleague/badges/100/t31@x2.png', 25486),
(9, 'Everton', 1878, 'Liverpool', 'Sean Dyche', 'www.evertonfc.com', 'https://resources.premierleague.com/premierleague/badges/100/t11@x2.png', 39571),
(10, 'Fulham', 1879, 'London', 'Marco Silva', 'www.fulhamfc.com', 'https://resources.premierleague.com/premierleague/badges/100/t54@x2.png', 24500),
(11, 'Leeds United', 1919, 'Leeds', 'Daniel Farke', 'www.leedsunited.com', 'https://resources.premierleague.com/premierleague/badges/100/t2@x2.png', 37890),
(12, 'Liverpool', 1892, 'Liverpool', 'Arne Slot', 'www.liverpoolfc.com', 'https://resources.premierleague.com/premierleague/badges/100/t14-hover@x2.png', 61000),
(13, 'Manchester City', 1880, 'Manchester', 'Pep Guardiola', 'www.mancity.com', 'https://resources.premierleague.com/premierleague/badges/100/t43@x2.png', 53400),
(14, 'Manchester United', 1878, 'Manchester', 'Ruben Amorim', 'www.manutd.com', 'https://resources.premierleague.com/premierleague/badges/100/t1@x2.png', 74310),
(15, 'Newcastle United', 1892, 'Newcastle upon Tyne', 'Eddie Howe', 'www.nufc.co.uk', 'https://resources.premierleague.com/premierleague/badges/100/t4@x2.png', 52400),
(16, 'Nottingham Forest', 1865, 'Nottingham', 'Nuno Espírito Santo', 'www.nottinghamforest.co.uk', 'https://resources.premierleague.com/premierleague/badges/100/t17@x2.png', 30445),
(17, 'Sunderland', 1879, 'Sunderland', 'Régis Le Bris', 'www.sunderlandafc.com', 'https://resources.premierleague.com/premierleague/badges/100/t56@x2.png', 49000),
(18, 'Tottenham Hotspur', 1882, 'London', 'Ange Postecoglou', 'www.tottenhamhotspur.com', 'https://resources.premierleague.com/premierleague/badges/100/t6@x2.png', 62850),
(19, 'West Ham United', 1895, 'London', 'Julen Lopetegui', 'www.whufc.com', 'https://resources.premierleague.com/premierleague/badges/100/t21@x2.png', 62500),
(20, 'Wolverhampton Wanderers', 1877, 'Wolverhampton', 'Vítor Pereira', 'www.wolves.co.uk', 'https://resources.premierleague.com/premierleague/badges/100/t39@x2.png', 32050),
(21, 'Ipswich Town', 1878, 'Ipswich', 'Kieran McKenna', 'www.itfc.co.uk', 'https://resources.premierleague.com/premierleague/badges/50/t40@x2.png', 29673),
(22, 'Leicester City', 1884, 'Leicester', 'Steve Cooper', 'www.lcfc.com', 'https://resources.premierleague.com/premierleague/badges/100/t13@x2.png', 32262),
(23, 'Southampton', 1885, 'Southampton', 'Russell Martin', 'www.southamptonfc.com', 'https://resources.premierleague.com/premierleague/badges/100/t20@x2.png', 32384);

INSERT INTO `fixture` (`id`, `date`, `time`, `home_team_id`, `away_team_id`, `stadium_name`, `home_score`, `away_score`) VALUES
(1, '2024-08-16', '20:00:00', 14, 10, 'Old Trafford', 1, 0),
(2, '2024-08-17', '12:30:00', 21, 12, 'Portman Road', 0, 2),
(3, '2024-08-17', '15:00:00', 1, 20, 'Emirates Stadium', 2, 0),
(4, '2024-08-17', '15:00:00', 9, 5, 'Goodison Park', 0, 3),
(5, '2024-08-17', '15:00:00', 15, 23, 'St James\' Park', 1, 0),
(6, '2024-08-17', '15:00:00', 16, 3, 'The City Ground', 1, 1),
(7, '2024-08-17', '15:00:00', 19, 2, 'London Stadium', 1, 2),
(8, '2024-08-17', '17:30:00', 4, 8, 'Brentford Community Stadium', 2, 1),
(9, '2024-08-18', '14:00:00', 7, 13, 'Stamford Bridge', 0, 2),
(10, '2024-08-18', '16:30:00', 22, 18, 'King Power Stadium', 1, 1),
(11, '2024-08-24', '17:30:00', 2, 1, 'Villa Park', 0, 2),
(12, '2024-08-25', '14:00:00', 3, 15, 'Vitality Stadium', 1, 1),
(13, '2024-08-24', '12:30:00', 5, 14, 'Amex Stadium', 2, 1),
(14, '2024-08-24', '15:00:00', 8, 19, 'Selhurst Park', 0, 2),
(15, '2024-08-24', '15:00:00', 10, 22, 'Craven Cottage', 2, 1),
(16, '2024-08-25', '16:30:00', 12, 4, 'Anfield', 2, 0),
(17, '2024-08-24', '15:00:00', 13, 21, 'Etihad Stadium', 4, 1),
(18, '2024-08-24', '15:00:00', 23, 16, 'St. Mary\'s Stadium', 0, 1),
(19, '2024-08-24', '15:00:00', 18, 9, 'Tottenham Hotspur Stadium', 4, 0),
(20, '2024-08-25', '14:00:00', 20, 7, 'Molineux Stadium', 2, 6),
(21, '2024-08-31', '12:30:00', 1, 5, 'Emirates Stadium', 1, 1),
(22, '2024-08-31', '15:00:00', 4, 22, 'Gtech Community Stadium', 3, 1),
(23, '2024-09-01', '13:30:00', 7, 8, 'Stamford Bridge', 1, 1),
(24, '2024-08-31', '15:00:00', 9, 3, 'Goodison Park', 2, 3),
(25, '2024-08-31', '15:00:00', 21, 10, 'Portman Road', 1, 1),
(26, '2024-08-31', '15:00:00', 23, 2, 'King Power Stadium', 1, 2),
(27, '2024-09-01', '16:00:00', 14, 12, 'Old Trafford', 0, 3),
(28, '2024-09-01', '13:30:00', 15, 18, 'St. James\' Park', 2, 1),
(29, '2024-08-31', '15:00:00', 16, 20, 'The City Ground', 1, 1),
(30, '2024-08-31', '17:30:00', 19, 13, 'London Stadium', 1, 3),
(31, '2024-09-14', '17:30:00', 2, 9, 'Villa Park', 3, 2),
(32, '2024-09-14', '20:00:00', 3, 7, 'Vitality Stadium', 0, 1),
(33, '2024-09-14', '15:00:00', 5, 21, 'American Express Stadium', 0, 0),
(34, '2024-09-14', '15:00:00', 8, 23, 'Selhurst Park', 2, 2),
(35, '2024-09-14', '15:00:00', 10, 19, 'Craven Cottage', 1, 1),
(36, '2024-09-14', '15:00:00', 12, 16, 'Anfield', 0, 1),
(37, '2024-09-14', '15:00:00', 13, 4, 'Etihad Stadium', 2, 1),
(38, '2024-09-14', '12:30:00', 22, 14, 'St. Mary\'s Stadium', 0, 3),
(39, '2024-09-15', '14:00:00', 18, 1, 'Tottenham Hotspur Stadium', 0, 1),
(40, '2024-09-15', '16:30:00', 20, 15, 'Molineux Stadium', 1, 2),
(41, '2024-09-21', '15:00:00', 2, 20, 'Villa Park', 3, 1),
(42, '2024-09-22', '14:00:00', 5, 16, 'American Express Stadium', 2, 2),
(43, '2024-09-21', '17:30:00', 8, 14, 'Selhurst Park', 0, 0),
(44, '2024-09-21', '15:00:00', 10, 15, 'Craven Cottage', 3, 1),
(45, '2024-09-21', '15:00:00', 23, 9, 'King Power Stadium', 1, 1),
(46, '2024-09-21', '15:00:00', 12, 3, 'Anfield', 3, 0),
(47, '2024-09-22', '16:30:00', 13, 1, 'Etihad Stadium', 2, 2),
(48, '2024-09-21', '15:00:00', 22, 21, 'St. Mary\'s Stadium', 1, 1),
(49, '2024-09-21', '15:00:00', 18, 4, 'Tottenham Hotspur Stadium', 3, 1),
(50, '2024-09-21', '12:30:00', 19, 7, 'London Stadium', 0, 3),
(51, '2024-09-28', '15:00:00', 1, 23, 'Emirates Stadium', 4, 2),
(52, '2024-09-30', '20:00:00', 3, 22, 'Vitality Stadium', 3, 1),
(53, '2024-09-28', '15:00:00', 4, 19, 'Gtech Community Stadium', 1, 1),
(54, '2024-09-28', '15:00:00', 7, 5, 'Stamford Bridge', 4, 2),
(55, '2024-09-28', '15:00:00', 9, 8, 'Goodison Park', 2, 1),
(56, '2024-09-29', '14:00:00', 21, 2, 'Portman Road', 2, 2),
(57, '2024-09-29', '16:30:00', 14, 18, 'Old Trafford', 0, 3),
(58, '2024-09-28', '12:30:00', 15, 13, 'St. James\' Park', 1, 1),
(59, '2024-09-28', '15:00:00', 16, 10, 'The City Ground', 0, 1),
(60, '2024-09-28', '17:30:00', 20, 12, 'Molineux Stadium', 1, 2),
(61, '2024-10-05', '15:00:00', 1, 22, 'Emirates Stadium', 3, 1),
(62, '2024-10-06', '14:00:00', 2, 14, 'Villa Park', 0, 0),
(63, '2024-10-05', '15:00:00', 4, 20, 'Gtech Community Stadium', 5, 3),
(64, '2024-10-06', '16:30:00', 5, 18, 'American Express Stadium', 3, 2),
(65, '2024-10-06', '14:00:00', 7, 16, 'Stamford Bridge', 1, 1),
(66, '2024-10-05', '12:30:00', 8, 12, 'Selhurst Park', 0, 1),
(67, '2024-10-05', '17:30:00', 9, 15, 'Goodison Park', 0, 0),
(68, '2024-10-05', '15:00:00', 23, 3, 'King Power Stadium', 1, 0),
(69, '2024-10-05', '15:00:00', 13, 10, 'Etihad Stadium', 3, 2),
(70, '2024-10-05', '15:00:00', 19, 21, 'London Stadium', 4, 1),
(71, '2024-10-19', '17:30:00', 3, 1, 'Vitality Stadium', 2, 0),
(72, '2024-10-19', '15:00:00', 10, 2, 'Craven Cottage', 1, 3),
(73, '2024-10-19', '15:15:00', 21, 9, 'Portman Road', 0, 2),
(74, '2024-10-20', '16:30:00', 12, 7, 'Anfield', 2, 1),
(75, '2024-10-19', '15:00:00', 14, 4, 'Old Trafford', 2, 1),
(76, '2024-10-19', '15:00:00', 15, 5, 'St. James\' Park', 0, 1),
(77, '2024-10-21', '20:00:00', 16, 8, 'The City Ground', 1, 0),
(78, '2024-10-19', '15:00:00', 22, 23, 'St. Mary\'s Stadium', 2, 3),
(79, '2024-10-19', '12:30:00', 18, 19, 'Tottenham Hotspur Stadium', 4, 1),
(80, '2024-10-20', '14:00:00', 20, 13, 'Molineux Stadium', 1, 2),
(81, '2024-10-27', '16:30:00', 1, 12, 'Emirates Stadium', 2, 2),
(82, '2024-10-26', '15:00:00', 2, 3, 'Villa Park', 1, 1),
(83, '2024-10-26', '15:00:00', 4, 21, 'Gtech Community Stadium', 4, 3),
(84, '2024-10-26', '15:00:00', 5, 20, 'American Express Stadium', 2, 2),
(85, '2024-10-27', '14:00:00', 7, 15, 'Stamford Bridge', 2, 1),
(86, '2024-10-27', '14:00:00', 8, 18, 'Selhurst Park', 1, 0),
(87, '2024-10-26', '17:30:00', 9, 10, 'Goodison Park', 1, 1),
(88, '2024-10-25', '20:00:00', 23, 16, 'King Power Stadium', 1, 3),
(89, '2024-10-26', '15:00:00', 13, 22, 'Etihad Stadium', 1, 0),
(90, '2024-10-27', '14:00:00', 19, 14, 'London Stadium', 2, 1),
(91, '2024-11-02', '15:00:00', 3, 13, 'Vitality Stadium', 2, 1),
(92, '2024-11-04', '20:00:00', 10, 4, 'Craven Cottage', 2, 1),
(93, '2024-11-02', '15:00:00', 21, 23, 'Portman Road', 1, 1),
(94, '2024-11-02', '15:00:00', 12, 5, 'Anfield', 2, 1),
(95, '2024-11-03', '16:30:00', 14, 7, 'Old Trafford', 1, 1),
(96, '2024-11-02', '12:30:00', 15, 1, 'St. James\' Park', 1, 0),
(97, '2024-11-02', '15:00:00', 16, 19, 'The City Ground', 3, 0),
(98, '2024-11-02', '15:00:00', 22, 9, 'St. Mary\'s Stadium', 1, 0),
(99, '2024-11-03', '14:00:00', 18, 2, 'Tottenham Hotspur Stadium', 4, 1),
(100, '2024-11-02', '17:30:00', 20, 8, 'Molineux Stadium', 2, 2),
(101, '2024-11-09', '15:00:00', 4, 3, 'Gtech Community Stadium', 3, 2),
(102, '2024-11-09', '17:30:00', 5, 13, 'American Express Stadium', 2, 1),
(103, '2024-11-10', '16:30:00', 7, 1, 'Stamford Bridge', 1, 1),
(104, '2024-11-09', '15:00:00', 8, 10, 'Selhurst Park', 0, 2),
(105, '2024-11-09', '20:00:00', 12, 2, 'Anfield', 2, 0),
(106, '2024-11-10', '14:00:00', 14, 23, 'Old Trafford', 3, 0),
(107, '2024-11-10', '14:00:00', 16, 15, 'The City Ground', 1, 3),
(108, '2024-11-10', '14:00:00', 18, 21, 'Tottenham Hotspur Stadium', 1, 2),
(109, '2024-11-09', '15:00:00', 19, 9, 'London Stadium', 0, 0),
(110, '2024-11-09', '15:00:00', 20, 22, 'Molineux Stadium', 2, 0),
(111, '2024-11-23', '15:00:00', 1, 16, 'Emirates Stadium', 3, 0),
(112, '2024-11-23', '15:00:00', 2, 8, 'Villa Park', 2, 2),
(113, '2024-11-23', '15:00:00', 3, 5, 'Vitality Stadium', 1, 2),
(114, '2024-11-23', '15:00:00', 9, 4, 'Goodison Park', 0, 0),
(115, '2024-11-23', '15:00:00', 10, 20, 'Craven Cottage', 1, 4),
(116, '2024-11-24', '16:30:00', 21, 14, 'Portman Road', 1, 1),
(117, '2024-11-23', '12:30:00', 23, 7, 'King Power Stadium', 1, 2),
(118, '2024-11-23', '17:30:00', 13, 18, 'Etihad Stadium', 0, 4),
(119, '2024-11-25', '20:00:00', 15, 19, 'St. James\' Park', 0, 2),
(120, '2024-11-24', '14:00:00', 22, 12, 'St. Mary\'s Stadium', 2, 3),
(121, '2024-11-30', '15:00:00', 4, 23, 'Gtech Community Stadium', 4, 1),
(122, '2024-11-29', '20:00:00', 5, 22, 'American Express Stadium', 1, 1),
(123, '2024-12-01', '13:30:00', 7, 2, 'Stamford Bridge', 3, 0),
(124, '2024-11-30', '15:00:00', 8, 15, 'Selhurst Park', 1, 1),
(125, '2024-12-01', '16:00:00', 12, 13, 'Anfield', 2, 0),
(126, '2024-12-01', '13:30:00', 14, 9, 'Old Trafford', 4, 0),
(127, '2024-11-30', '15:00:00', 16, 21, 'The City Ground', 1, 0),
(128, '2024-12-01', '13:30:00', 18, 10, 'Tottenham Hotspur Stadium', 1, 1),
(129, '2024-11-30', '17:30:00', 19, 1, 'London Stadium', 2, 5),
(130, '2024-11-30', '15:00:00', 20, 3, 'Molineux Stadium', 2, 4),
(131, '2024-12-04', '20:15:00', 1, 14, 'Emirates Stadium', 2, 0),
(132, '2024-12-04', '20:15:00', 2, 4, 'Villa Park', 3, 1),
(133, '2024-12-05', '20:15:00', 3, 18, 'Vitality Stadium', 1, 0),
(134, '2024-12-04', '19:30:00', 9, 20, 'Goodison Park', 4, 0),
(135, '2024-12-05', '19:30:00', 10, 5, 'Craven Cottage', 3, 1),
(136, '2024-12-03', '19:30:00', 21, 8, 'Portman Road', 0, 1),
(137, '2024-12-03', '20:15:00', 23, 19, 'King Power Stadium', 3, 1),
(138, '2024-12-04', '19:30:00', 13, 16, 'Etihad Stadium', 3, 0),
(139, '2024-12-04', '19:30:00', 15, 12, 'St. James\' Park', 3, 3),
(140, '2024-12-04', '19:30:00', 22, 7, 'St. Mary\'s Stadium', 1, 5),
(141, '2024-12-07', '15:00:00', 2, 22, 'Villa Park', 1, 0),
(142, '2024-12-07', '15:00:00', 4, 15, 'Gtech Community Stadium', 4, 2),
(143, '2024-12-07', '15:00:00', 8, 13, 'Selhurst Park', 2, 2),
(144, '2025-02-12', '19:30:00', 9, 12, 'Goodison Park', 2, 2),
(145, '2024-12-08', '14:00:00', 10, 1, 'Craven Cottage', 1, 1),
(146, '2024-12-08', '14:00:00', 21, 3, 'Portman Road', 1, 2),
(147, '2024-12-08', '14:00:00', 23, 5, 'King Power Stadium', 2, 2),
(148, '2024-12-07', '17:30:00', 14, 16, 'Old Trafford', 2, 3),
(149, '2024-12-08', '16:30:00', 18, 7, 'Tottenham Hotspur Stadium', 3, 4),
(150, '2024-12-09', '20:00:00', 19, 20, 'London Stadium', 2, 1),
(151, '2024-12-14', '15:00:00', 1, 9, 'Emirates Stadium', 0, 0),
(152, '2024-12-16', '20:00:00', 3, 19, 'Vitality Stadium', 1, 1),
(153, '2024-12-15', '14:00:00', 5, 8, 'American Express Stadium', 1, 3),
(154, '2024-12-15', '19:00:00', 7, 4, 'Stamford Bridge', 2, 1),
(155, '2024-12-14', '15:00:00', 12, 10, 'Anfield', 2, 2),
(156, '2024-12-15', '16:30:00', 13, 14, 'Etihad Stadium', 1, 2),
(157, '2024-12-14', '15:00:00', 15, 23, 'St. James\' Park', 4, 0),
(158, '2024-12-14', '17:30:00', 16, 2, 'The City Ground', 2, 1),
(159, '2024-12-15', '19:00:00', 22, 18, 'St. Mary\'s Stadium', 0, 5),
(160, '2024-12-14', '15:00:00', 20, 21, 'Molineux Stadium', 1, 2),
(161, '2024-12-21', '12:30:00', 2, 13, 'Villa Park', 2, 1),
(162, '2024-12-21', '15:00:00', 4, 16, 'Gtech Community Stadium', 0, 2),
(163, '2024-12-21', '17:30:00', 8, 1, 'Selhurst Park', 1, 5),
(164, '2024-12-22', '14:00:00', 9, 7, 'Goodison Park', 0, 0),
(165, '2024-12-22', '14:00:00', 10, 22, 'Craven Cottage', 0, 0),
(166, '2024-12-21', '15:00:00', 21, 15, 'Portman Road', 0, 4),
(167, '2024-12-22', '14:00:00', 23, 20, 'King Power Stadium', 0, 3),
(168, '2024-12-22', '14:00:00', 14, 3, 'Old Trafford', 0, 3),
(169, '2024-12-22', '16:30:00', 18, 12, 'Tottenham Hotspur Stadium', 3, 6),
(170, '2024-12-21', '15:00:00', 19, 5, 'London Stadium', 1, 1),
(171, '2024-12-27', '20:15:00', 1, 21, 'Emirates Stadium', 1, 0),
(172, '2024-12-26', '15:00:00', 3, 8, 'Vitality Stadium', 0, 0),
(173, '2024-12-27', '19:30:00', 5, 4, 'American Express Stadium', 0, 0),
(174, '2024-12-26', '15:00:00', 7, 10, 'Stamford Bridge', 1, 2),
(175, '2024-12-26', '20:00:00', 12, 23, 'Anfield', 3, 1),
(176, '2024-12-26', '12:30:00', 13, 9, 'Etihad Stadium', 1, 1),
(177, '2024-12-26', '15:00:00', 15, 2, 'St. James\' Park', 3, 0),
(178, '2024-12-26', '15:00:00', 16, 18, 'The City Ground', 1, 0),
(179, '2024-12-26', '15:00:00', 22, 19, 'St. Mary\'s Stadium', 0, 1),
(180, '2024-12-26', '17:30:00', 20, 14, 'Molineux Stadium', 2, 0),
(181, '2024-12-30', '19:45:00', 2, 5, 'Villa Park', 2, 2),
(182, '2025-01-01', '17:30:00', 4, 1, 'Gtech Community Stadium', 1, 3),
(183, '2024-12-29', '15:00:00', 8, 22, 'Selhurst Park', 2, 1),
(184, '2024-12-29', '15:00:00', 9, 16, 'Goodison Park', 0, 2),
(185, '2024-12-29', '15:00:00', 10, 3, 'Craven Cottage', 2, 2),
(186, '2024-12-30', '19:45:00', 21, 7, 'Portman Road', 2, 0),
(187, '2024-12-29', '14:30:00', 23, 13, 'King Power Stadium', 0, 2),
(188, '2024-12-30', '20:00:00', 14, 15, 'Old Trafford', 0, 2),
(189, '2024-12-29', '15:00:00', 18, 20, 'Tottenham Hotspur Stadium', 2, 2),
(190, '2024-12-29', '17:15:00', 19, 12, 'London Stadium', 0, 5),
(191, '2025-01-04', '15:00:00', 2, 23, 'Villa Park', 2, 1),
(192, '2025-01-04', '15:00:00', 3, 9, 'Vitality Stadium', 1, 0),
(193, '2025-01-04', '17:30:00', 5, 1, 'American Express Stadium', 1, 1),
(194, '2025-01-04', '15:00:00', 8, 7, 'Selhurst Park', 1, 1),
(195, '2025-01-05', '14:00:00', 10, 21, 'Craven Cottage', 2, 2),
(196, '2025-01-05', '16:30:00', 12, 14, 'Anfield', 2, 2),
(197, '2025-01-04', '15:00:00', 13, 19, 'Etihad Stadium', 4, 1),
(198, '2025-01-04', '15:00:00', 22, 4, 'St. Mary\'s Stadium', 0, 5),
(199, '2025-01-04', '12:30:00', 18, 15, 'Tottenham Hotspur Stadium', 1, 2),
(200, '2025-01-06', '20:00:00', 20, 16, 'Molineux Stadium', 0, 3),
(201, '2025-01-15', '20:00:00', 1, 18, 'Emirates Stadium', 2, 1),
(202, '2025-01-14', '19:30:00', 4, 13, 'Gtech Community Stadium', 2, 2),
(203, '2025-01-15', '19:30:00', 9, 2, 'Goodison Park', 0, 1),
(204, '2025-01-16', '19:30:00', 21, 5, 'Portman Road', 0, 2),
(205, '2025-01-15', '19:30:00', 23, 8, 'King Power Stadium', 0, 2),
(206, '2025-01-14', '20:00:00', 16, 12, 'The City Ground', 1, 1),
(207, '2025-01-14', '19:30:00', 19, 10, 'London Stadium', 3, 2),
(208, '2025-01-14', '19:30:00', 7, 3, 'Stamford Bridge', 2, 2),
(209, '2025-01-15', '19:30:00', 15, 20, 'St. James\' Park', 3, 0),
(210, '2025-01-16', '20:00:00', 14, 22, 'Old Trafford', 3, 1),
(211, '2025-01-18', '17:30:00', 1, 2, 'Emirates Stadium', 2, 2),
(212, '2025-01-18', '15:00:00', 4, 12, 'Brentford Community Stadium', 0, 2),
(213, '2025-01-20', '20:00:00', 7, 20, 'Stamford Bridge', 3, 1),
(214, '2025-01-19', '14:00:00', 9, 18, 'Goodison Park', 3, 2),
(215, '2025-01-19', '16:30:00', 21, 13, 'Portman Road', 0, 6),
(216, '2025-01-18', '15:00:00', 22, 10, 'King Power Stadium', 0, 2),
(217, '2025-01-19', '14:00:00', 14, 5, 'Old Trafford', 1, 3),
(218, '2025-01-18', '12:30:00', 15, 3, 'St. James\' Park', 1, 4),
(219, '2025-01-19', '14:00:00', 16, 23, 'The City Ground', 3, 2),
(220, '2025-01-18', '15:00:00', 19, 8, 'London Stadium', 0, 2),
(221, '2025-01-26', '16:30:00', 4, 14, 'Villa Park', 1, 1),
(222, '2025-01-25', '15:00:00', 3, 11, 'Vitality Stadium', 5, 0),
(223, '2025-01-25', '15:00:00', 1, 5, 'American Express Stadium', 0, 1),
(224, '2025-01-26', '14:00:00', 3, 7, 'Selhurst Park', 1, 2),
(225, '2025-01-26', '19:00:00', 7, 2, 'Craven Cottage', 0, 1),
(226, '2025-01-25', '15:00:00', 13, 12, 'Anfield', 4, 1),
(227, '2025-01-25', '17:30:00', 2, 9, 'Etihad Stadium', 3, 1),
(228, '2025-01-25', '15:00:00', 10, 9, 'St. Mary\'s Stadium', 1, 3),
(229, '2025-01-26', '14:00:00', 16, 8, 'Tottenham Hotspur Stadium', 1, 2),
(230, '2025-01-25', '15:00:00', 15, 6, 'Molineux Stadium', 0, 1),
(231, '2025-02-02', '16:30:00', 6, 2, 'Emirates Stadium', 5, 1),
(232, '2025-02-01', '15:00:00', 3, 13, 'Vitality Stadium', 0, 2),
(233, '2025-02-02', '14:00:00', 7, 16, 'Gtech Community Stadium', 0, 2),
(234, '2025-02-03', '20:00:00', 9, 14, 'Stamford Bridge', 2, 1),
(235, '2025-02-01', '15:00:00', 5, 8, 'Goodison Park', 4, 0),
(236, '2025-02-01', '15:00:00', 12, 10, 'Portman Road', 1, 2),
(237, '2025-02-02', '14:00:00', 2, 3, 'Old Trafford', 0, 2),
(238, '2025-02-01', '15:00:00', 9, 7, 'St. James\' Park', 1, 2),
(239, '2025-02-01', '12:30:00', 11, 1, 'The City Ground', 7, 0),
(240, '2025-02-01', '17:30:00', 15, 4, 'Molineux Stadium', 2, 0),
(241, '2025-02-15', '15:00:00', 4, 12, 'Villa Park', 1, 1),
(242, '2025-02-14', '20:00:00', 1, 9, 'American Express Stadium', 3, 0),
(243, '2025-02-15', '17:30:00', 3, 5, 'Selhurst Park', 1, 2),
(244, '2025-02-15', '15:00:00', 7, 11, 'Craven Cottage', 2, 1),
(245, '2025-02-15', '12:30:00', 8, 6, 'King Power Stadium', 0, 2),
(246, '2025-02-16', '14:00:00', 13, 15, 'Anfield', 2, 1),
(247, '2025-02-15', '15:00:00', 2, 9, 'Etihad Stadium', 4, 0),
(248, '2025-02-15', '15:00:00', 10, 3, 'St. Mary\'s Stadium', 1, 3),
(249, '2025-02-16', '16:30:00', 16, 2, 'Tottenham Hotspur Stadium', 1, 0),
(250, '2025-02-15', '15:00:00', 14, 7, 'London Stadium', 0, 1),
(251, '2025-02-22', '15:00:00', 6, 14, 'Emirates Stadium', 0, 1),
(252, '2025-02-22', '17:30:00', 4, 9, 'Villa Park', 2, 1),
(253, '2025-02-22', '15:00:00', 3, 15, 'Vitality Stadium', 0, 1),
(254, '2025-02-22', '12:30:00', 5, 2, 'Goodison Park', 2, 2),
(255, '2025-02-22', '15:00:00', 7, 3, 'Craven Cottage', 0, 2),
(256, '2025-02-22', '15:00:00', 12, 16, 'Portman Road', 1, 4),
(257, '2025-02-21', '20:00:00', 8, 7, 'King Power Stadium', 0, 4),
(258, '2025-02-23', '16:30:00', 2, 13, 'Etihad Stadium', 0, 2),
(259, '2025-02-23', '14:00:00', 9, 11, 'St. James\' Park', 4, 3),
(260, '2025-02-22', '15:00:00', 10, 1, 'St. Mary\'s Stadium', 0, 4),
(261, '2025-02-26', '19:30:00', 7, 5, 'Gtech Community Stadium', 1, 1),
(262, '2025-02-25', '19:30:00', 1, 3, 'American Express Stadium', 2, 1),
(263, '2025-02-26', '19:30:00', 11, 6, 'The City Ground', 0, 0),
(264, '2025-02-26', '19:30:00', 16, 2, 'Tottenham Hotspur Stadium', 0, 1),
(265, '2025-02-27', '20:00:00', 14, 8, 'London Stadium', 2, 0),
(266, '2025-02-25', '19:30:00', 15, 7, 'Molineux Stadium', 1, 2),
(267, '2025-02-25', '19:30:00', 3, 4, 'Selhurst Park', 4, 1),
(268, '2025-02-25', '20:15:00', 9, 10, 'Stamford Bridge', 4, 0),
(269, '2025-02-26', '20:15:00', 13, 9, 'Anfield', 2, 0),
(270, '2025-02-26', '19:30:00', 2, 12, 'Old Trafford', 3, 2),
(271, '2025-03-08', '17:30:00', 7, 4, 'Gtech Community Stadium', 0, 1),
(272, '2025-03-08', '15:00:00', 1, 7, 'American Express Stadium', 2, 1),
(273, '2025-03-09', '14:00:00', 9, 8, 'Stamford Bridge', 1, 0),
(274, '2025-03-08', '15:00:00', 3, 12, 'Selhurst Park', 1, 0),
(275, '2025-03-08', '15:00:00', 13, 10, 'Anfield', 3, 1),
(276, '2025-03-09', '16:30:00', 2, 6, 'Old Trafford', 1, 1),
(277, '2025-03-08', '12:30:00', 11, 2, 'The City Ground', 1, 0),
(278, '2025-03-09', '14:00:00', 16, 3, 'Tottenham Hotspur Stadium', 2, 2),
(279, '2025-03-10', '20:00:00', 14, 9, 'London Stadium', 0, 1),
(280, '2025-03-08', '20:00:00', 15, 5, 'Molineux Stadium', 1, 1),
(281, '2025-03-16', '13:30:00', 6, 9, 'Emirates Stadium', 1, 0),
(282, '2025-02-19', '19:30:00', 4, 13, 'Villa Park', 2, 2),
(283, '2025-03-15', '17:30:00', 3, 7, 'Vitality Stadium', 1, 2),
(284, '2025-03-15', '15:00:00', 5, 14, 'Goodison Park', 1, 1),
(285, '2025-03-16', '13:30:00', 7, 16, 'Craven Cottage', 2, 0),
(286, '2025-03-15', '15:00:00', 12, 11, 'Portman Road', 2, 4),
(287, '2025-03-16', '19:00:00', 8, 2, 'King Power Stadium', 0, 3),
(288, '2025-03-15', '15:00:00', 2, 1, 'Etihad Stadium', 2, 2),
(289, '2025-04-16', '19:30:00', 9, 3, 'St. James\' Park', 5, 0),
(290, '2025-03-15', '15:00:00', 10, 15, 'St. Mary\'s Stadium', 1, 2),
(291, '2025-04-01', '19:45:00', 6, 7, 'Emirates Stadium', 2, 1),
(292, '2025-04-02', '19:45:00', 3, 12, 'Vitality Stadium', 1, 2),
(293, '2025-04-02', '19:45:00', 1, 4, 'American Express Stadium', 0, 3),
(294, '2025-04-01', '20:00:00', 11, 2, 'The City Ground', 1, 0),
(295, '2025-04-01', '19:45:00', 15, 14, 'Molineux Stadium', 1, 0),
(296, '2025-04-03', '20:00:00', 9, 16, 'Stamford Bridge', 1, 0),
(297, '2025-04-02', '19:45:00', 2, 8, 'Etihad Stadium', 2, 0),
(298, '2025-04-02', '19:45:00', 9, 7, 'St. James\' Park', 2, 1),
(299, '2025-04-02', '19:45:00', 10, 3, 'St. Mary\'s Stadium', 1, 1),
(300, '2025-04-02', '20:00:00', 13, 5, 'Anfield', 1, 0),
(301, '2025-04-05', '17:30:00', 4, 11, 'Villa Park', 2, 1),
(302, '2025-04-06', '14:00:00', 7, 9, 'Gtech Community Stadium', 0, 0),
(303, '2025-04-05', '15:00:00', 3, 1, 'Selhurst Park', 2, 1),
(304, '2025-04-05', '12:30:00', 5, 6, 'Goodison Park', 1, 1),
(305, '2025-04-06', '14:00:00', 7, 13, 'Craven Cottage', 3, 2),
(306, '2025-04-05', '15:00:00', 12, 15, 'Portman Road', 1, 2),
(307, '2025-04-07', '20:00:00', 8, 9, 'King Power Stadium', 0, 3),
(308, '2025-04-06', '16:30:00', 2, 2, 'Old Trafford', 0, 0),
(309, '2025-04-06', '14:00:00', 16, 10, 'Tottenham Hotspur Stadium', 3, 1),
(310, '2025-04-05', '15:00:00', 14, 3, 'London Stadium', 2, 2),
(311, '2025-04-12', '17:30:00', 6, 7, 'Emirates Stadium', 1, 1),
(312, '2025-04-14', '20:00:00', 3, 7, 'Vitality Stadium', 1, 0),
(313, '2025-04-12', '15:00:00', 1, 8, 'American Express Stadium', 2, 2),
(314, '2025-04-13', '14:00:00', 9, 12, 'Stamford Bridge', 2, 2),
(315, '2025-04-13', '14:00:00', 13, 14, 'Anfield', 2, 1),
(316, '2025-04-12', '12:30:00', 2, 3, 'Etihad Stadium', 5, 2),
(317, '2025-04-13', '16:30:00', 9, 2, 'St. James\' Park', 4, 1),
(318, '2025-04-12', '15:00:00', 11, 5, 'The City Ground', 0, 1),
(319, '2025-04-12', '15:00:00', 10, 4, 'St. Mary\'s Stadium', 0, 3),
(320, '2025-04-13', '14:00:00', 15, 16, 'Molineux Stadium', 4, 2),
(321, '2025-04-19', '17:30:00', 4, 9, 'Villa Park', 4, 1),
(322, '2025-04-19', '15:00:00', 7, 1, 'Gtech Community Stadium', 4, 2),
(323, '2025-04-19', '15:00:00', 3, 3, 'Selhurst Park', 0, 0),
(324, '2025-04-19', '15:00:00', 5, 2, 'Goodison Park', 0, 2),
(325, '2025-04-20', '14:00:00', 7, 9, 'Craven Cottage', 1, 2),
(326, '2025-04-20', '14:00:00', 12, 6, 'Portman Road', 0, 4),
(327, '2025-04-20', '16:30:00', 8, 13, 'King Power Stadium', 0, 1),
(328, '2025-04-20', '14:00:00', 2, 15, 'Old Trafford', 0, 1),
(329, '2025-04-21', '20:00:00', 16, 11, 'Tottenham Hotspur Stadium', 1, 2),
(330, '2025-04-19', '15:00:00', 14, 10, 'London Stadium', 1, 1),
(331, '2025-04-23', '20:00:00', 6, 3, 'Emirates Stadium', 2, 2),
(332, '2025-04-27', '14:00:00', 3, 2, 'Vitality Stadium', 1, 1),
(333, '2025-04-26', '15:00:00', 1, 14, 'American Express Stadium', 3, 2),
(334, '2025-04-26', '12:30:00', 9, 5, 'Stamford Bridge', 1, 0),
(335, '2025-04-27', '16:30:00', 13, 16, 'Anfield', 5, 1),
(336, '2025-04-22', '20:00:00', 2, 4, 'Etihad Stadium', 2, 1),
(337, '2025-04-26', '15:00:00', 9, 12, 'St. James\' Park', 3, 0),
(338, '2025-05-01', '19:30:00', 11, 7, 'The City Ground', 0, 2),
(339, '2025-04-26', '15:00:00', 10, 7, 'St. Mary\'s Stadium', 1, 2),
(340, '2025-04-26', '15:00:00', 15, 8, 'Molineux Stadium', 3, 0),
(341, '2025-05-03', '17:30:00', 6, 3, 'Emirates Stadium', 1, 2),
(342, '2025-05-03', '12:30:00', 4, 7, 'Villa Park', 1, 0),
(343, '2025-05-04', '14:00:00', 7, 2, 'Gtech Community Stadium', 4, 3),
(344, '2025-05-04', '14:00:00', 1, 9, 'American Express Stadium', 1, 1),
(345, '2025-05-04', '16:30:00', 9, 13, 'Stamford Bridge', 3, 1),
(346, '2025-05-05', '20:00:00', 3, 11, 'Selhurst Park', 1, 1),
(347, '2025-05-03', '15:00:00', 5, 12, 'Goodison Park', 2, 2),
(348, '2025-05-03', '15:00:00', 8, 10, 'King Power Stadium', 2, 0),
(349, '2025-05-02', '20:00:00', 2, 15, 'Etihad Stadium', 1, 0),
(350, '2025-05-04', '14:00:00', 14, 16, 'London Stadium', 1, 1),
(351, '2025-05-10', '17:30:00', 3, 4, 'Vitality Stadium', 0, 1),
(352, '2025-05-10', '15:00:00', 7, 5, 'Craven Cottage', 1, 3),
(353, '2025-05-10', '15:00:00', 12, 7, 'Portman Road', 0, 1),
(354, '2025-05-11', '16:30:00', 13, 6, 'Anfield', 2, 2),
(355, '2025-05-11', '14:15:00', 2, 14, 'Old Trafford', 0, 2),
(356, '2025-05-11', '12:00:00', 9, 9, 'St. James\' Park', 2, 0),
(357, '2025-05-11', '14:15:00', 11, 8, 'The City Ground', 2, 2),
(358, '2025-05-10', '15:00:00', 10, 2, 'St. Mary\'s Stadium', 0, 0),
(359, '2025-05-11', '14:15:00', 16, 3, 'Tottenham Hotspur Stadium', 0, 2),
(360, '2025-05-10', '15:00:00', 15, 1, 'Molineux Stadium', 0, 2),
(361, '2025-05-18', '16:30:00', 6, 9, 'Emirates Stadium', 1, 0),
(362, '2025-05-16', '19:30:00', 4, 16, 'Villa Park', 2, 0),
(363, '2025-05-18', '15:00:00', 7, 7, 'Gtech Community Stadium', 2, 3),
(364, '2025-05-19', '20:00:00', 1, 13, 'American Express Stadium', 3, 2),
(365, '2025-05-16', '20:15:00', 9, 2, 'Stamford Bridge', 1, 0),
(366, '2025-05-20', '20:00:00', 3, 15, 'Selhurst Park', 4, 2),
(367, '2025-05-18', '12:00:00', 5, 10, 'Goodison Park', 2, 0),
(368, '2025-05-18', '15:00:00', 8, 12, 'King Power Stadium', 2, 0),
(369, '2025-05-20', '20:00:00', 2, 3, 'Etihad Stadium', 3, 1),
(370, '2025-05-18', '14:15:00', 14, 11, 'London Stadium', 1, 2),
(371, '2025-05-25', '16:00:00', 3, 8, 'Vitality Stadium', 2, 0),
(372, '2025-05-25', '16:00:00', 7, 2, 'Craven Cottage', 0, 2),
(373, '2025-05-25', '16:00:00', 12, 14, 'Portman Road', 1, 3),
(374, '2025-05-25', '16:00:00', 13, 3, 'Anfield', 1, 1),
(375, '2025-05-25', '16:00:00', 2, 4, 'Old Trafford', 2, 0),
(376, '2025-05-25', '16:00:00', 9, 5, 'St. James\' Park', 0, 1),
(377, '2025-05-25', '16:00:00', 11, 9, 'The City Ground', 0, 1),
(378, '2025-05-25', '16:00:00', 10, 6, 'St. Mary\'s Stadium', 1, 2),
(379, '2025-05-25', '16:00:00', 16, 1, 'Tottenham Hotspur Stadium', 1, 4),
(380, '2025-05-25', '16:00:00', 15, 7, 'Molineux Stadium', 1, 1);


INSERT INTO `standing` (`id`, `team_id`, `played`, `won`, `drawn`, `lost`, `points`) VALUES
(1, 12, 38, 25, 9, 4, 84),
(2, 1, 38, 20, 14, 4, 74),
(3, 13, 38, 21, 8, 9, 71),
(4, 7, 38, 20, 9, 9, 69),
(5, 15, 38, 20, 6, 12, 66),
(6, 2, 38, 19, 9, 10, 66),
(7, 16, 38, 19, 8, 11, 65),
(8, 5, 38, 16, 13, 9, 61),
(9, 3, 38, 15, 11, 12, 56),
(10, 4, 38, 16, 8, 14, 56),
(11, 10, 38, 15, 9, 14, 54),
(12, 8, 38, 13, 14, 11, 53),
(13, 9, 38, 11, 15, 12, 48),
(14, 19, 38, 11, 10, 17, 43),
(15, 14, 38, 11, 9, 18, 42),
(16, 20, 38, 11, 5, 22, 38),
(17, 18, 38, 11, 5, 22, 38),
(18, 22, 38, 6, 7, 25, 25),
(19, 21, 38, 4, 10, 24, 22),
(20, 23, 38, 2, 6, 30, 12);

INSERT INTO `player` (`id`, `name`, `date_of_birth`, `nationality`, `position`, `club_id`, `avatar`, `flag`) VALUES
(1, 'Zach Abbott', '2005-03-15', 'England', 'Defender', 12, 'https://resources.premierleague.com/premierleague/photos/players/40x40/p549067.png', 'https://resources.premierleague.com/premierleague/flags/GB-ENG@x2.png'),
(2, 'Josh Acheampong', '2006-05-22', 'England', 'Defender', 7, 'https://resources.premierleague.com/premierleague/photos/players/40x40/p577016.png', 'https://resources.premierleague.com/premierleague/flags/GB-ENG@x2.png'),
(3, 'Tyler Adams', '1999-02-14', 'United States', 'Midfielder', 11, 'https://resources.premierleague.com/premierleague/photos/players/40x40/p200785.png', 'https://resources.premierleague.com/premierleague/flags/US@x2.png'),
(4, 'Tosin Adarabioyo', '1997-09-24', 'England', 'Defender', 10, 'https://resources.premierleague.com/premierleague/photos/players/40x40/p109646.png', 'https://resources.premierleague.com/premierleague/flags/GB-ENG@x2.png'),
(5, 'Simon Adingra', '2002-01-01', 'Cote D\'Ivoire', 'Forward', 5, 'https://resources.premierleague.com/premierleague/photos/players/40x40/p535818.png', 'https://resources.premierleague.com/premierleague/flags/CI@x2.png'),
(6, 'Daniel Adu-Adjei', '2004-11-30', 'England', 'Forward', 19, 'https://resources.premierleague.com/premierleague/photos/40x40/Photo-Missing.png', 'https://resources.premierleague.com/premierleague/flags/GB-ENG@x2.png'),
(7, 'Emmanuel Agbadou', '1997-06-16', 'Cote D\'Ivoire', 'Defender', 4, 'https://resources.premierleague.com/premierleague/photos/40x40/p516939.png', 'https://resources.premierleague.com/premierleague/flags/CI@x2.png'),
(8, 'Ola Aina', '1996-10-08', 'Nigeria', 'Defender', 16, 'https://resources.premierleague.com/premierleague/photos/40x40/p159506.png', 'https://resources.premierleague.com/premierleague/flags/NG@x2.png'),
(9, 'Rayan Aït-Nouri', '2001-06-06', 'Algeria', 'Defender', 20, 'https://resources.premierleague.com/premierleague/photos/40x40/p448514.png', 'https://resources.premierleague.com/premierleague/flags/DZ@x2.png'),
(10, 'Damola Ajayi', '2005-09-12', 'England', 'Forward', 8, 'https://resources.premierleague.com/premierleague/photos/40x40/Photo-Missing.png', 'https://resources.premierleague.com/premierleague/flags/GB-ENG@x2.png'),
(11, 'Kristoffer Ajer', '1998-04-17', 'Norway', 'Defender', 3, 'https://resources.premierleague.com/premierleague/photos/40x40/p191866.png', 'https://resources.premierleague.com/premierleague/flags/NO@x2.png'),
(12, 'Manuel Akanji', '1995-07-19', 'Switzerland', 'Defender', 13, 'https://resources.premierleague.com/premierleague/photos/40x40/p211975.png', 'https://resources.premierleague.com/premierleague/flags/CH@x2.png'),
(13, 'Nathan Aké', '1995-02-18', 'Netherlands', 'Defender', 13, 'https://resources.premierleague.com/premierleague/photos/40x40/p126184.png', 'https://resources.premierleague.com/premierleague/flags/NL@x2.png'),
(14, 'Matai Akinmboni', '2006-04-20', 'United States', 'Defender', 17, 'https://resources.premierleague.com/premierleague/photos/40x40/Photo-Missing.png', 'https://resources.premierleague.com/premierleague/flags/US@x2.png'),
(15, 'Carlos Alcaraz', '2003-11-30', 'Argentina', 'Midfielder', 23, 'https://resources.premierleague.com/premierleague/photos/40x40/p502697.png', 'https://resources.premierleague.com/premierleague/flags/AR@x2.png'),
(16, 'Trent Alexander-Arnold', '1998-10-07', 'England', 'Defender', 12, 'https://resources.premierleague.com/premierleague/photos/40x40/p169187.png', 'https://resources.premierleague.com/premierleague/flags/GB-ENG@x2.png'),
(17, 'Alisson Becker', '1992-10-02', 'Brazil', 'Goalkeeper', 12, 'https://resources.premierleague.com/premierleague/photos/40x40/p116535.png', 'https://resources.premierleague.com/premierleague/flags/BR@x2.png'),
(18, 'Max Alleyne', '2005-08-25', 'England', 'Defender', 14, 'https://resources.premierleague.com/premierleague/photos/40x40/Photo-Missing.png', 'https://resources.premierleague.com/premierleague/flags/GB-ENG@x2.png'),
(19, 'Harry Amass', '2006-03-15', 'England', 'Defender', 14, 'https://resources.premierleague.com/premierleague/photos/40x40/p577974.png', 'https://resources.premierleague.com/premierleague/flags/GB-ENG@x2.png'),
(20, 'Samuel Amissah', '2005-11-10', 'England', 'Defender', 19, 'https://resources.premierleague.com/premierleague/photos/40x40/Photo-Missing.png', 'https://resources.premierleague.com/premierleague/flags/GB-ENG@x2.png'),
(21, 'Mathis Amougou', '2006-07-22', 'France', 'Midfielder', 7, 'https://resources.premierleague.com/premierleague/photos/40x40/p609640.png', 'https://resources.premierleague.com/premierleague/flags/FR@x2.png'),
(22, 'Ato Ampah', '2004-12-05', 'England', 'Forward', 1, 'https://resources.premierleague.com/premierleague/photos/40x40/Photo-Missing.png', 'https://resources.premierleague.com/premierleague/flags/GB-ENG@x2.png'),
(23, 'Joachim Andersen', '1996-05-31', 'Denmark', 'Defender', 8, 'https://resources.premierleague.com/premierleague/photos/40x40/p174874.png', 'https://resources.premierleague.com/premierleague/flags/DK@x2.png'),
(24, 'Elliot Anderson', '2002-11-06', 'England', 'Midfielder', 15, 'https://resources.premierleague.com/premierleague/photos/40x40/p215379.png', 'https://resources.premierleague.com/premierleague/flags/GB-ENG@x2.png'),
(25, 'André', '2001-02-16', 'Brazil', 'Midfielder', 12, 'https://resources.premierleague.com/premierleague/photos/players/40x40/p509291.png', 'https://resources.premierleague.com/premierleague/flags/BR@x2.png'),
(26, 'Andreas Pereira', '1996-01-01', 'Brazil', 'Midfielder', 10, 'https://resources.premierleague.com/premierleague/photos/players/40x40/p156689.png', 'https://resources.premierleague.com/premierleague/flags/BR@x2.png'),
(27, 'Aaron Anselmino', '2005-04-12', 'Argentina', 'Defender', 1, 'https://resources.premierleague.com/premierleague/photos/40x40/Photo-Missing.png', 'https://resources.premierleague.com/premierleague/flags/AR@x2.png'),
(28, 'Antonee Robinson', '1997-08-08', 'United States', 'Defender', 10, 'https://resources.premierleague.com/premierleague/photos/40x40/p169528.png', 'https://resources.premierleague.com/premierleague/flags/US@x2.png'),
(29, 'Michail Antonio', '1990-03-28', 'Jamaica', 'Forward', 19, 'https://resources.premierleague.com/premierleague/photos/40x40/p57531.png', 'https://resources.premierleague.com/premierleague/flags/JM@x2.png'),
(30, 'Genesis Antwi', '2006-01-20', 'Sweden', 'Defender', 14, 'https://resources.premierleague.com/premierleague/photos/40x40/Photo-Missing.png', 'https://resources.premierleague.com/premierleague/flags/SE@x2.png'),
(31, 'Julián Araujo', '2001-08-13', 'Mexico', 'Defender', 5, 'https://resources.premierleague.com/premierleague/photos/40x40/p436893.png', 'https://resources.premierleague.com/premierleague/flags/MX@x2.png'),
(32, 'Alphonse Areola', '1993-02-27', 'France', 'Goalkeeper', 19, 'https://resources.premierleague.com/premierleague/photos/players/40x40/p84182.png', 'https://resources.premierleague.com/premierleague/flags/FR@x2.png'),
(33, 'Benjamin Arthur', '2005-09-30', 'England', 'Defender', 15, 'https://resources.premierleague.com/premierleague/photos/players/40x40/Photo-Missing.png', 'https://resources.premierleague.com/premierleague/flags/GB-ENG@x2.png'),
(34, 'Marco Asensio', '1996-01-21', 'Spain', 'Forward', 20, 'https://resources.premierleague.com/premierleague/photos/players/40x40/p174292.png', 'https://resources.premierleague.com/premierleague/flags/ES@x2.png'),
(35, 'Brandon Austin', '1999-01-08', 'England', 'Goalkeeper', 18, 'https://resources.premierleague.com/premierleague/photos/players/40x40/p214572.png', 'https://resources.premierleague.com/premierleague/flags/GB-ENG@x2.png'),
(36, 'Taiwo Awoniyi', '1997-08-12', 'Nigeria', 'Forward', 16, 'https://resources.premierleague.com/premierleague/photos/players/40x40/p210156.png', 'https://resources.premierleague.com/premierleague/flags/NG@x2.png'),
(37, 'Yasin Ayari', '2003-10-06', 'Sweden', 'Midfielder', 5, 'https://resources.premierleague.com/premierleague/photos/players/40x40/p509416.png', 'https://resources.premierleague.com/premierleague/flags/SE@x2.png'),
(38, 'Benoît Badiashile', '2001-03-26', 'France', 'Defender', 7, 'https://resources.premierleague.com/premierleague/photos/players/40x40/p242880.png', 'https://resources.premierleague.com/premierleague/flags/FR@x2.png'),
(39, 'Leon Bailey', '1997-08-09', 'Jamaica', 'Midfielder', 2, 'https://resources.premierleague.com/premierleague/photos/players/40x40/p215711.png', 'https://resources.premierleague.com/premierleague/flags/JM@x2.png'),
(40, 'Carlos Baleba', '2004-01-03', 'Cameroon', 'Midfielder', 5, 'https://resources.premierleague.com/premierleague/photos/players/40x40/p535301.png', 'https://resources.premierleague.com/premierleague/flags/CM@x2.png'),
(41, 'Owen Barker', '2005-07-14', 'England', 'Midfielder', 2, 'https://resources.premierleague.com/premierleague/photos/40x40/Photo-Missing.png', 'https://resources.premierleague.com/premierleague/flags/GB-ENG@x2.png'),
(42, 'Ross Barkley', '1993-12-05', 'England', 'Midfielder', 3, 'https://resources.premierleague.com/premierleague/photos/40x40/p88894.png', 'https://resources.premierleague.com/premierleague/flags/GB-ENG@x2.png'),
(43, 'Harvey Barnes', '1997-12-09', 'England', 'Midfielder', 22, 'https://resources.premierleague.com/premierleague/photos/40x40/p201666.png', 'https://resources.premierleague.com/premierleague/flags/GB-ENG@x2.png'),
(44, 'Calvin Bassey', '1999-12-31', 'Nigeria', 'Defender', 2, 'https://resources.premierleague.com/premierleague/photos/40x40/p232892.png', 'https://resources.premierleague.com/premierleague/flags/NG@x2.png'),
(45, 'Callum Bates', '2005-02-28', 'England', 'Midfielder', 15, 'https://resources.premierleague.com/premierleague/photos/players/40x40/Photo-Missing.png', 'https://resources.premierleague.com/premierleague/flags/GB-ENG@x2.png'),
(46, 'Altay Bayindir', '1998-04-14', 'Turkiye', 'Goalkeeper', 14, 'https://resources.premierleague.com/premierleague/photos/players/40x40/p451302.png', 'https://resources.premierleague.com/premierleague/flags/TR@x2.png'),
(47, 'Eddie Beach', '2003-10-10', 'Wales', 'Goalkeeper', 7, 'https://resources.premierleague.com/premierleague/photos/players/40x40/p474803.png', 'https://resources.premierleague.com/premierleague/flags/GB-WLS@x2.png'),
(48, 'Asmir Begovic', '1987-06-20', 'Bosnia & Herzegovina', 'Goalkeeper', 6, 'https://resources.premierleague.com/premierleague/photos/players/40x40/p40349.png', 'https://resources.premierleague.com/premierleague/flags/BA@x2.png'),
(49, 'Jean-Ricner Bellegarde', '1998-06-27', 'France', 'Midfielder', 20, 'https://resources.premierleague.com/premierleague/photos/players/40x40/p231057.png', 'https://resources.premierleague.com/premierleague/flags/FR@x2.png'),
(50, 'Steven Benda', '1998-10-01', 'Germany', 'Goalkeeper', 4, 'https://resources.premierleague.com/premierleague/photos/players/40x40/p428971.png', 'https://resources.premierleague.com/premierleague/flags/DE@x2.png'),
(51, 'Rodrigo Bentancur', '1997-06-25', 'Uruguay', 'Midfielder', 18, 'https://resources.premierleague.com/premierleague/photos/players/40x40/p202993.png', 'https://resources.premierleague.com/premierleague/flags/UY@x2.png'),
(52, 'Dan Bentley', '1993-07-13', 'England', 'Goalkeeper', 3, 'https://resources.premierleague.com/premierleague/photos/players/40x40/p79602.png', 'https://resources.premierleague.com/premierleague/flags/GB-ENG@x2.png'),
(53, 'Sander Berge', '1998-02-14', 'Norway', 'Midfielder', 16, 'https://resources.premierleague.com/premierleague/photos/players/40x40/p207189.png', 'https://resources.premierleague.com/premierleague/flags/NO@x2.png'),
(54, 'Lucas Bergström', '2002-09-05', 'Finland', 'Goalkeeper', 7, 'https://resources.premierleague.com/premierleague/photos/players/40x40/p482158.png', 'https://resources.premierleague.com/premierleague/flags/FI@x2.png'),
(55, 'Lucas Bergvall', '2006-02-02', 'Sweden', 'Midfielder', 18, 'https://resources.premierleague.com/premierleague/photos/players/40x40/p570526.png', 'https://resources.premierleague.com/premierleague/flags/SE@x2.png'),
(56, 'Bernardo Silva', '1994-08-10', 'Portugal', 'Midfielder', 13, 'https://resources.premierleague.com/premierleague/photos/players/40x40/p165809.png', 'https://resources.premierleague.com/premierleague/flags/PT@x2.png'),
(57, 'Beto', '1998-01-31', 'Guinea-Bissau', 'Forward', 9, 'https://resources.premierleague.com/premierleague/photos/players/40x40/p486385.png', 'https://resources.premierleague.com/premierleague/flags/GW@x2.png'),
(58, 'Marcus Bettinelli', '1992-05-24', 'England', 'Goalkeeper', 7, 'https://resources.premierleague.com/premierleague/photos/players/40x40/p122074.png', 'https://resources.premierleague.com/premierleague/flags/GB-ENG@x2.png'),
(59, 'Yves Bissouma', '1996-08-30', 'Mali', 'Midfielder', 18, 'https://resources.premierleague.com/premierleague/photos/players/40x40/p227127.png', 'https://resources.premierleague.com/premierleague/flags/ML@x2.png'),
(60, 'Oscar Bobb', '2003-07-06', 'Norway', 'Midfielder', 13, 'https://resources.premierleague.com/premierleague/photos/players/40x40/p477555.png', 'https://resources.premierleague.com/premierleague/flags/NO@x2.png'),
(61, 'Lamare Bogarde', '2004-01-05', 'Netherlands', 'Midfielder', 2, 'https://resources.premierleague.com/premierleague/photos/players/40x40/p515597.png', 'https://resources.premierleague.com/premierleague/flags/NL@x2.png'),
(62, 'Willy-Arnaud Boly', '1991-02-03', 'Cote D\'Ivoire', 'Defender', 16, 'https://resources.premierleague.com/premierleague/photos/players/40x40/p90585.png', 'https://resources.premierleague.com/premierleague/flags/CI@x2.png'),
(63, 'Aidan Borland', '2006-04-18', 'Scotland', 'Midfielder', 13, 'https://resources.premierleague.com/premierleague/photos/players/40x40/Photo-Missing.png', 'https://resources.premierleague.com/premierleague/flags/GB-SCT@x2.png'),
(64, 'Sven Botman', '2000-01-12', 'Netherlands', 'Defender', 15, 'https://resources.premierleague.com/premierleague/photos/players/40x40/p220237.png', 'https://resources.premierleague.com/premierleague/flags/NL@x2.png'),
(65, 'Jarrod Bowen', '1996-12-20', 'England', 'Forward', 19, 'https://resources.premierleague.com/premierleague/photos/players/40x40/p178186.png', 'https://resources.premierleague.com/premierleague/flags/GB-ENG@x2.png'),
(66, 'Conor Bradley', '2003-07-09', 'Northern Ireland', 'Defender', 12, 'https://resources.premierleague.com/premierleague/photos/players/40x40/p492777.png', 'https://resources.premierleague.com/premierleague/flags/GB-NIR@x2.png'),
(67, 'Jarrad Branthwaite', '2002-06-27', 'England', 'Defender', 9, 'https://resources.premierleague.com/premierleague/photos/players/40x40/p480455.png', 'https://resources.premierleague.com/premierleague/flags/GB-ENG@x2.png'),
(68, 'Spike Brits', '2006-02-14', 'England', 'Goalkeeper', 13, 'https://resources.premierleague.com/premierleague/photos/players/40x40/Photo-Missing.png', 'https://resources.premierleague.com/premierleague/flags/GB-ENG@x2.png'),
(69, 'Ben Broggio', '2005-11-30', 'England', 'Midfielder', 19, 'https://resources.premierleague.com/premierleague/photos/players/40x40/Photo-Missing.png', 'https://resources.premierleague.com/premierleague/flags/GB-ENG@x2.png'),
(70, 'Armando Broja', '2001-09-10', 'Albania', 'Forward', 7, 'https://resources.premierleague.com/premierleague/photos/players/40x40/p440323.png', 'https://resources.premierleague.com/premierleague/flags/AL@x2.png'),
(71, 'David Brooks', '1997-07-08', 'Wales', 'Midfielder', 20, 'https://resources.premierleague.com/premierleague/photos/players/40x40/p111317.png', 'https://resources.premierleague.com/premierleague/flags/GB-WLS@x2.png'),
(72, 'Bruno Fernandes', '1994-09-08', 'Portugal', 'Midfielder', 14, 'https://resources.premierleague.com/premierleague/photos/players/40x40/p141746.png', 'https://resources.premierleague.com/premierleague/flags/PT@x2.png'),
(73, 'Bruno Guimarães', '1997-11-16', 'Brazil', 'Midfielder', 15, 'https://resources.premierleague.com/premierleague/photos/players/40x40/p208706.png', 'https://resources.premierleague.com/premierleague/flags/BR@x2.png'),
(74, 'Santiago Bueno', '1998-11-09', 'Uruguay', 'Defender', 20, 'https://resources.premierleague.com/premierleague/photos/40x40/p231480.png', 'https://resources.premierleague.com/premierleague/flags/UY@x2.png'),
(75, 'Dan Burn', '1992-05-09', 'England', 'Defender', 15, 'https://resources.premierleague.com/premierleague/photos/40x40/p78916.png', 'https://resources.premierleague.com/premierleague/flags/GB-ENG@x2.png'),
(76, 'Bradley Burrowes', '2006-01-25', 'England', 'Midfielder', 1, 'https://resources.premierleague.com/premierleague/photos/40x40/Photo-Missing.png', 'https://resources.premierleague.com/premierleague/flags/GB-ENG@x2.png'),
(77, 'Nathan Butler-Oyedeji', '2003-06-05', 'England', 'Forward', 1, 'https://resources.premierleague.com/premierleague/photos/40x40/Photo-Missing.png', 'https://resources.premierleague.com/premierleague/flags/GB-ENG@x2.png'),
(78, 'Luke Butterfield', '2005-09-14', 'Scotland', 'Midfielder', 18, 'https://resources.premierleague.com/premierleague/photos/40x40/Photo-Missing.png', 'https://resources.premierleague.com/premierleague/flags/GB-SCT@x2.png'),
(79, 'Killian Cahill', '2006-03-03', 'Ireland', 'Goalkeeper', 14, 'https://resources.premierleague.com/premierleague/photos/40x40/Photo-Missing.png', 'https://resources.premierleague.com/premierleague/flags/IE@x2.png'),
(80, 'Moisés Caicedo', '2001-11-02', 'Ecuador', 'Midfielder', 7, 'https://resources.premierleague.com/premierleague/photos/40x40/p486672.png', 'https://resources.premierleague.com/premierleague/flags/EC@x2.png'),
(81, 'Tom Cairney', '1991-01-20', 'Scotland', 'Midfielder', 10, 'https://resources.premierleague.com/premierleague/photos/40x40/p76357.png', 'https://resources.premierleague.com/premierleague/flags/GB-SCT@x2.png'),
(82, 'Riccardo Calafiori', '2002-05-19', 'Italy', 'Defender', 1, 'https://resources.premierleague.com/premierleague/photos/40x40/p466075.png', 'https://resources.premierleague.com/premierleague/flags/IT@x2.png'),
(83, 'Dominic Calvert-Lewin', '1997-03-16', 'England', 'Forward', 9, 'https://resources.premierleague.com/premierleague/photos/40x40/p177815.png', 'https://resources.premierleague.com/premierleague/flags/GB-ENG@x2.png'),
(84, 'Carlos Forbs', '2004-03-19', 'Portugal', 'Forward', 5, 'https://resources.premierleague.com/premierleague/photos/players/40x40/p463212.png', 'https://resources.premierleague.com/premierleague/flags/PT@x2.png'),
(85, 'Carlos Miguel', '1999-01-22', 'Brazil', 'Goalkeeper', 19, 'https://resources.premierleague.com/premierleague/photos/players/40x40/p475123.png', 'https://resources.premierleague.com/premierleague/flags/BR@x2.png'),
(86, 'Carlos Vinícius', '1995-03-21', 'Brazil', 'Forward', 18, 'https://resources.premierleague.com/premierleague/photos/players/40x40/p245824.png', 'https://resources.premierleague.com/premierleague/flags/BR@x2.png'),
(87, 'Scott Carson', '1985-09-03', 'England', 'Goalkeeper', 13, 'https://resources.premierleague.com/premierleague/photos/players/40x40/p17601.png', 'https://resources.premierleague.com/premierleague/flags/GB-ENG@x2.png'),
(88, 'Casemiro', '1992-02-23', 'Brazil', 'Midfielder', 14, 'https://resources.premierleague.com/premierleague/photos/players/40x40/p61256.png', 'https://resources.premierleague.com/premierleague/flags/BR@x2.png'),
(89, 'Kaelan Casey', '2004-09-16', 'England', 'Defender', 19, 'https://resources.premierleague.com/premierleague/photos/players/40x40/p518438.png', 'https://resources.premierleague.com/premierleague/flags/GB-ENG@x2.png'),
(90, 'Matty Cash', '1997-08-07', 'Poland', 'Defender', 2, 'https://resources.premierleague.com/premierleague/photos/players/40x40/p199796.png', 'https://resources.premierleague.com/premierleague/flags/PL@x2.png'),
(91, 'Eiran Cashin', '2001-01-01', 'Ireland', 'Defender', 6, 'https://resources.premierleague.com/premierleague/photos/players/40x40/Photo-Missing.png', 'https://resources.premierleague.com/premierleague/flags/IE@x2.png'),
(92, 'Dante Cassanova', '2005-05-05', 'Jamaica', 'Defender', 12, 'https://resources.premierleague.com/premierleague/photos/players/40x40/Photo-Missing.png', 'https://resources.premierleague.com/premierleague/flags/JM@x2.png'),
(93, 'Timothy Castagne', '1995-12-05', 'Belgium', 'Defender', 22, 'https://resources.premierleague.com/premierleague/photos/players/40x40/p166477.png', 'https://resources.premierleague.com/premierleague/flags/BE@x2.png'),
(94, 'Trevoh Chalobah', '1999-07-05', 'England', 'Defender', 7, 'https://resources.premierleague.com/premierleague/photos/players/40x40/p180736.png', 'https://resources.premierleague.com/premierleague/flags/GB-ENG@x2.png'),
(95, 'Federico Chiesa', '1997-10-25', 'Italy', 'Forward', 2, 'https://resources.premierleague.com/premierleague/photos/players/40x40/p223541.png', 'https://resources.premierleague.com/premierleague/flags/IT@x2.png'),
(96, 'Ben Chilwell', '1996-12-21', 'England', 'Defender', 7, 'https://resources.premierleague.com/premierleague/photos/players/40x40/p172850.png', 'https://resources.premierleague.com/premierleague/flags/GB-ENG@x2.png'),
(97, 'Leon Chiwome', '2006-01-30', 'England', 'Forward', 20, 'https://resources.premierleague.com/premierleague/photos/players/40x40/Photo-Missing.png', 'https://resources.premierleague.com/premierleague/flags/GB-ENG@x2.png'),
(98, 'Ryan Christie', '1995-02-22', 'Scotland', 'Midfielder', 3, 'https://resources.premierleague.com/premierleague/photos/players/40x40/p158499.png', 'https://resources.premierleague.com/premierleague/flags/GB-SCT@x2.png'),
(99, 'Brayden Clarke', '2006-04-04', 'Wales', 'Defender', 1, 'https://resources.premierleague.com/premierleague/photos/players/40x40/Photo-Missing.png', 'https://resources.premierleague.com/premierleague/flags/GB-WLS@x2.png'),
(100, 'Nathaniel Clyne', '1991-04-05', 'England', 'Defender', 8, 'https://resources.premierleague.com/premierleague/photos/players/40x40/p57328.png', 'https://resources.premierleague.com/premierleague/flags/GB-ENG@x2.png'),
(101, 'Séamus Coleman', '1988-10-11', 'Ireland', 'Defender', 9, 'https://resources.premierleague.com/premierleague/photos/players/40x40/p59949.png', 'https://resources.premierleague.com/premierleague/flags/IE@x2.png'),
(102, 'Nathan Collins', '2001-04-30', 'Ireland', 'Defender', 20, 'https://resources.premierleague.com/premierleague/photos/players/40x40/p432830.png', 'https://resources.premierleague.com/premierleague/flags/IE@x2.png'),
(103, 'Toby Collyer', '2004-04-17', 'England', 'Midfielder', 14, 'https://resources.premierleague.com/premierleague/photos/players/40x40/p490881.png', 'https://resources.premierleague.com/premierleague/flags/GB-ENG@x2.png'),
(104, 'Levi Colwill', '2003-02-26', 'England', 'Defender', 7, 'https://resources.premierleague.com/premierleague/photos/players/40x40/p460028.png', 'https://resources.premierleague.com/premierleague/flags/GB-ENG@x2.png'),
(105, 'Lewis Cook', '1997-02-03', 'England', 'Midfielder', 3, 'https://resources.premierleague.com/premierleague/photos/40x40/p155408.png', 'https://resources.premierleague.com/premierleague/flags/GB-ENG@x2.png'),
(106, 'Vladimír Coufal', '1992-08-22', 'Czech Republic', 'Defender', 19, 'https://resources.premierleague.com/premierleague/photos/players/40x40/p164555.png', 'https://resources.premierleague.com/premierleague/flags/CZ@x2.png'),
(107, 'Aaron Cresswell', '1989-12-15', 'England', 'Defender', 19, 'https://resources.premierleague.com/premierleague/photos/players/40x40/p55459.png', 'https://resources.premierleague.com/premierleague/flags/GB-ENG@x2.png'),
(108, 'Marc Cucurella', '1998-07-22', 'Spain', 'Defender', 7, 'https://resources.premierleague.com/premierleague/photos/players/40x40/p179268.png', 'https://resources.premierleague.com/premierleague/flags/ES@x2.png'),
(109, 'Jorge Cuenca', '1999-11-17', 'Spain', 'Defender', 3, 'https://resources.premierleague.com/premierleague/photos/players/40x40/p246301.png', 'https://resources.premierleague.com/premierleague/flags/ES@x2.png'),
(110, 'Ted Curd', '2005-09-09', 'England', 'Goalkeeper', 7, 'https://resources.premierleague.com/premierleague/photos/players/40x40/Photo-Missing.png', 'https://resources.premierleague.com/premierleague/flags/GB-ENG@x2.png'),
(111, 'Eric da Silva Moreira', '2006-05-06', 'Germany', 'Forward', 14, 'https://resources.premierleague.com/premierleague/photos/players/40x40/p569014.png', 'https://resources.premierleague.com/premierleague/flags/DE@x2.png'),
(112, 'Mikkel Damsgaard', '2000-07-03', 'Denmark', 'Midfielder', 10, 'https://resources.premierleague.com/premierleague/photos/players/40x40/p440089.png', 'https://resources.premierleague.com/premierleague/flags/DK@x2.png'),
(113, 'Danilo', '2001-04-29', 'Brazil', 'Midfielder', 18, 'https://resources.premierleague.com/premierleague/photos/players/40x40/p513046.png', 'https://resources.premierleague.com/premierleague/flags/BR@x2.png'),
(114, 'Kevin Danso', '1998-09-19', 'Austria', 'Defender', 3, 'https://resources.premierleague.com/premierleague/photos/players/40x40/p135720.png', 'https://resources.premierleague.com/premierleague/flags/AT@x2.png'),
(115, 'Josh Dasilva', '1998-10-23', 'England', 'Midfielder', 4, 'https://resources.premierleague.com/premierleague/photos/players/40x40/p183656.png', 'https://resources.premierleague.com/premierleague/flags/GB-ENG@x2.png'),
(116, 'David Datro Fofana', '2002-12-22', 'Cote D\'Ivoire', 'Forward', 6, 'https://resources.premierleague.com/premierleague/photos/players/40x40/Photo-Missing.png', 'https://resources.premierleague.com/premierleague/flags/CI@x2.png'),
(117, 'Harvey Davies', '2003-09-03', 'England', 'Goalkeeper', 12, 'https://resources.premierleague.com/premierleague/photos/players/40x40/Photo-Missing.png', 'https://resources.premierleague.com/premierleague/flags/GB-ENG@x2.png'),
(118, 'Craig Dawson', '1990-05-06', 'England', 'Defender', 20, 'https://resources.premierleague.com/premierleague/photos/players/40x40/p60232.png', 'https://resources.premierleague.com/premierleague/flags/GB-ENG@x2.png'),
(119, 'Kevin De Bruyne', '1991-06-28', 'Belgium', 'Midfielder', 13, 'https://resources.premierleague.com/premierleague/photos/players/40x40/p61366.png', 'https://resources.premierleague.com/premierleague/flags/BE@x2.png');
